img_name, img_label
1_0.jpg, 1
1_1.jpg, 1
1_2.jpg, 1
1_3.jpg, 1
1_4.jpg, 1
1_5.jpg, 1
1_6.jpg, 1
1_7.jpg, 1
1_8.jpg, 1
1_9.jpg, 1
1_10.jpg, 1
1_11.jpg, 1
1_12.jpg, 1
1_13.jpg, 1
1_14.jpg, 1
1_15.jpg, 1
1_16.jpg, 1
1_17.jpg, 1
1_18.jpg, 1
1_19.jpg, 1
1_20.jpg, 1
1_21.jpg, 1
1_22.jpg, 1
1_23.jpg, 1
1_24.jpg, 1
1_25.jpg, 1
1_26.jpg, 1
1_27.jpg, 1
1_28.jpg, 1
1_29.jpg, 1
1_30.jpg, 1
1_31.jpg, 1
1_32.jpg, 1
1_33.jpg, 1
1_34.jpg, 1
1_35.jpg, 1
1_36.jpg, 1
1_37.jpg, 1
1_38.jpg, 1
1_39.jpg, 1
1_40.jpg, 1
1_41.jpg, 1
1_42.jpg, 1
1_43.jpg, 1
1_44.jpg, 1
1_45.jpg, 1
1_46.jpg, 1
1_47.jpg, 1
1_48.jpg, 1
1_49.jpg, 1
1_50.jpg, 1
1_51.jpg, 1
1_52.jpg, 1
1_53.jpg, 1
1_54.jpg, 1
1_55.jpg, 1
1_56.jpg, 1
1_57.jpg, 1
1_58.jpg, 1
1_59.jpg, 1
1_60.jpg, 1
1_61.jpg, 1
1_62.jpg, 1
1_63.jpg, 1
1_64.jpg, 1
1_65.jpg, 1
1_66.jpg, 1
1_67.jpg, 1
1_68.jpg, 1
1_69.jpg, 1
1_70.jpg, 1
1_71.jpg, 1
1_72.jpg, 1
1_73.jpg, 1
1_74.jpg, 1
1_75.jpg, 1
1_76.jpg, 1
1_77.jpg, 1
1_78.jpg, 1
1_79.jpg, 1
1_80.jpg, 1
1_81.jpg, 1
1_82.jpg, 1
1_83.jpg, 1
1_84.jpg, 1
1_85.jpg, 1
1_86.jpg, 1
1_87.jpg, 1
1_88.jpg, 1
1_89.jpg, 1
1_90.jpg, 1
1_91.jpg, 1
1_92.jpg, 1
1_93.jpg, 1
1_94.jpg, 1
1_95.jpg, 1
1_96.jpg, 1
1_97.jpg, 1
1_98.jpg, 1
1_99.jpg, 1
1_100.jpg, 1
2_0.jpg, 2
2_1.jpg, 2
2_2.jpg, 2
2_3.jpg, 2
2_4.jpg, 2
2_5.jpg, 2
2_6.jpg, 2
2_7.jpg, 2
2_8.jpg, 2
2_9.jpg, 2
2_10.jpg, 2
2_11.jpg, 2
2_12.jpg, 2
2_13.jpg, 2
2_14.jpg, 2
2_15.jpg, 2
2_16.jpg, 2
2_17.jpg, 2
2_18.jpg, 2
2_19.jpg, 2
2_20.jpg, 2
2_21.jpg, 2
2_22.jpg, 2
2_23.jpg, 2
2_24.jpg, 2
2_25.jpg, 2
2_26.jpg, 2
2_27.jpg, 2
2_28.jpg, 2
2_29.jpg, 2
2_30.jpg, 2
2_31.jpg, 2
2_32.jpg, 2
2_33.jpg, 2
2_34.jpg, 2
2_35.jpg, 2
2_36.jpg, 2
2_37.jpg, 2
2_38.jpg, 2
2_39.jpg, 2
2_40.jpg, 2
2_41.jpg, 2
2_42.jpg, 2
2_43.jpg, 2
2_44.jpg, 2
2_45.jpg, 2
2_46.jpg, 2
2_47.jpg, 2
2_48.jpg, 2
2_49.jpg, 2
2_50.jpg, 2
2_51.jpg, 2
2_52.jpg, 2
2_53.jpg, 2
2_54.jpg, 2
2_55.jpg, 2
2_56.jpg, 2
2_57.jpg, 2
2_58.jpg, 2
2_59.jpg, 2
2_60.jpg, 2
2_61.jpg, 2
2_62.jpg, 2
2_63.jpg, 2
2_64.jpg, 2
2_65.jpg, 2
2_66.jpg, 2
2_67.jpg, 2
2_68.jpg, 2
2_69.jpg, 2
2_70.jpg, 2
2_71.jpg, 2
2_72.jpg, 2
2_73.jpg, 2
2_74.jpg, 2
2_75.jpg, 2
2_76.jpg, 2
2_77.jpg, 2
2_78.jpg, 2
2_79.jpg, 2
2_80.jpg, 2
2_81.jpg, 2
2_82.jpg, 2
2_83.jpg, 2
2_84.jpg, 2
2_85.jpg, 2
2_86.jpg, 2
2_87.jpg, 2
2_88.jpg, 2
2_89.jpg, 2
2_90.jpg, 2
2_91.jpg, 2
2_92.jpg, 2
2_93.jpg, 2
2_94.jpg, 2
2_95.jpg, 2
2_96.jpg, 2
2_97.jpg, 2
2_98.jpg, 2
2_99.jpg, 2
2_100.jpg, 2
2_101.jpg, 2
2_102.jpg, 2
2_103.jpg, 2
2_104.jpg, 2
2_105.jpg, 2
2_106.jpg, 2
2_107.jpg, 2
2_108.jpg, 2
2_109.jpg, 2
2_110.jpg, 2
2_111.jpg, 2
2_112.jpg, 2
2_113.jpg, 2
2_114.jpg, 2
2_115.jpg, 2
2_116.jpg, 2
2_117.jpg, 2
2_118.jpg, 2
2_119.jpg, 2
2_120.jpg, 2
2_121.jpg, 2
2_122.jpg, 2
2_123.jpg, 2
2_124.jpg, 2
2_125.jpg, 2
2_126.jpg, 2
2_127.jpg, 2
2_128.jpg, 2
2_129.jpg, 2
2_130.jpg, 2
2_131.jpg, 2
2_132.jpg, 2
2_133.jpg, 2
2_134.jpg, 2
2_135.jpg, 2
2_136.jpg, 2
2_137.jpg, 2
2_138.jpg, 2
2_139.jpg, 2
2_140.jpg, 2
2_141.jpg, 2
2_142.jpg, 2
2_143.jpg, 2
2_144.jpg, 2
2_145.jpg, 2
2_146.jpg, 2
2_147.jpg, 2
2_148.jpg, 2
2_149.jpg, 2
2_150.jpg, 2
2_151.jpg, 2
2_152.jpg, 2
2_153.jpg, 2
2_154.jpg, 2
2_155.jpg, 2
2_156.jpg, 2
2_157.jpg, 2
2_158.jpg, 2
2_159.jpg, 2
2_160.jpg, 2
2_161.jpg, 2
2_162.jpg, 2
2_163.jpg, 2
2_164.jpg, 2
2_165.jpg, 2
2_166.jpg, 2
2_167.jpg, 2
2_168.jpg, 2
2_169.jpg, 2
2_170.jpg, 2
2_171.jpg, 2
2_172.jpg, 2
2_173.jpg, 2
2_174.jpg, 2
2_175.jpg, 2
2_176.jpg, 2
2_177.jpg, 2
2_178.jpg, 2
2_179.jpg, 2
2_180.jpg, 2
2_181.jpg, 2
2_182.jpg, 2
2_183.jpg, 2
2_184.jpg, 2
2_185.jpg, 2
2_186.jpg, 2
2_187.jpg, 2
2_188.jpg, 2
2_189.jpg, 2
2_190.jpg, 2
2_191.jpg, 2
2_192.jpg, 2
2_193.jpg, 2
2_194.jpg, 2
2_195.jpg, 2
2_196.jpg, 2
2_197.jpg, 2
2_198.jpg, 2
2_199.jpg, 2
2_200.jpg, 2
2_201.jpg, 2
2_202.jpg, 2
2_203.jpg, 2
2_204.jpg, 2
2_205.jpg, 2
2_206.jpg, 2
2_207.jpg, 2
2_208.jpg, 2
2_209.jpg, 2
2_210.jpg, 2
2_211.jpg, 2
2_212.jpg, 2
5_0.jpg, 5
5_1.jpg, 5
5_2.jpg, 5
5_3.jpg, 5
5_4.jpg, 5
5_5.jpg, 5
5_6.jpg, 5
5_7.jpg, 5
5_8.jpg, 5
5_9.jpg, 5
5_10.jpg, 5
5_11.jpg, 5
5_12.jpg, 5
5_13.jpg, 5
5_14.jpg, 5
5_15.jpg, 5
5_16.jpg, 5
5_17.jpg, 5
5_18.jpg, 5
5_19.jpg, 5
5_20.jpg, 5
5_21.jpg, 5
5_22.jpg, 5
5_23.jpg, 5
5_24.jpg, 5
5_25.jpg, 5
5_26.jpg, 5
5_27.jpg, 5
5_28.jpg, 5
5_29.jpg, 5
5_30.jpg, 5
5_31.jpg, 5
5_32.jpg, 5
5_33.jpg, 5
5_34.jpg, 5
5_35.jpg, 5
5_36.jpg, 5
5_37.jpg, 5
5_38.jpg, 5
5_39.jpg, 5
5_40.jpg, 5
5_41.jpg, 5
5_42.jpg, 5
5_43.jpg, 5
5_44.jpg, 5
5_45.jpg, 5
5_46.jpg, 5
5_47.jpg, 5
5_48.jpg, 5
5_49.jpg, 5
5_50.jpg, 5
5_51.jpg, 5
5_52.jpg, 5
5_53.jpg, 5
5_54.jpg, 5
5_55.jpg, 5
5_56.jpg, 5
5_57.jpg, 5
5_58.jpg, 5
5_59.jpg, 5
5_60.jpg, 5
5_61.jpg, 5
5_62.jpg, 5
5_63.jpg, 5
5_64.jpg, 5
5_65.jpg, 5
5_66.jpg, 5
5_67.jpg, 5
5_68.jpg, 5
5_69.jpg, 5
5_70.jpg, 5
5_71.jpg, 5
5_72.jpg, 5
5_73.jpg, 5
5_74.jpg, 5
5_75.jpg, 5
5_76.jpg, 5
5_77.jpg, 5
5_78.jpg, 5
5_79.jpg, 5
5_80.jpg, 5
5_81.jpg, 5
5_82.jpg, 5
5_83.jpg, 5
5_84.jpg, 5
5_85.jpg, 5
5_86.jpg, 5
5_87.jpg, 5
5_88.jpg, 5
5_89.jpg, 5
5_90.jpg, 5
5_91.jpg, 5
5_92.jpg, 5
5_93.jpg, 5
5_94.jpg, 5
5_95.jpg, 5
5_96.jpg, 5
5_97.jpg, 5
5_98.jpg, 5
5_99.jpg, 5
5_100.jpg, 5
5_101.jpg, 5
5_102.jpg, 5
5_103.jpg, 5
5_104.jpg, 5
5_105.jpg, 5
5_106.jpg, 5
5_107.jpg, 5
5_108.jpg, 5
5_109.jpg, 5
5_110.jpg, 5
5_111.jpg, 5
5_112.jpg, 5
5_113.jpg, 5
5_114.jpg, 5
5_115.jpg, 5
5_116.jpg, 5
5_117.jpg, 5
5_118.jpg, 5
5_119.jpg, 5
5_120.jpg, 5
5_121.jpg, 5
5_122.jpg, 5
5_123.jpg, 5
5_124.jpg, 5
5_125.jpg, 5
5_126.jpg, 5
5_127.jpg, 5
5_128.jpg, 5
5_129.jpg, 5
5_130.jpg, 5
5_131.jpg, 5
5_132.jpg, 5
5_133.jpg, 5
5_134.jpg, 5
5_135.jpg, 5
5_136.jpg, 5
5_137.jpg, 5
5_138.jpg, 5
5_139.jpg, 5
5_140.jpg, 5
5_141.jpg, 5
5_142.jpg, 5
5_143.jpg, 5
5_144.jpg, 5
5_145.jpg, 5
5_146.jpg, 5
5_147.jpg, 5
5_148.jpg, 5
5_149.jpg, 5
5_150.jpg, 5
5_151.jpg, 5
5_152.jpg, 5
5_153.jpg, 5
5_154.jpg, 5
5_155.jpg, 5
5_156.jpg, 5
5_157.jpg, 5
5_158.jpg, 5
5_159.jpg, 5
5_160.jpg, 5
5_161.jpg, 5
5_162.jpg, 5
5_163.jpg, 5
5_164.jpg, 5
5_165.jpg, 5
5_166.jpg, 5
5_167.jpg, 5
5_168.jpg, 5
5_169.jpg, 5
5_170.jpg, 5
5_171.jpg, 5
5_172.jpg, 5
5_173.jpg, 5
5_174.jpg, 5
5_175.jpg, 5
5_176.jpg, 5
5_177.jpg, 5
5_178.jpg, 5
5_179.jpg, 5
5_180.jpg, 5
5_181.jpg, 5
5_182.jpg, 5
5_183.jpg, 5
5_184.jpg, 5
5_185.jpg, 5
5_186.jpg, 5
5_187.jpg, 5
5_188.jpg, 5
5_189.jpg, 5
5_190.jpg, 5
5_191.jpg, 5
5_192.jpg, 5
5_193.jpg, 5
5_194.jpg, 5
5_195.jpg, 5
5_196.jpg, 5
5_197.jpg, 5
5_198.jpg, 5
5_199.jpg, 5
5_200.jpg, 5
5_201.jpg, 5
5_202.jpg, 5
5_203.jpg, 5
5_204.jpg, 5
5_205.jpg, 5
5_206.jpg, 5
5_207.jpg, 5
5_208.jpg, 5
5_209.jpg, 5
5_210.jpg, 5
5_211.jpg, 5
5_212.jpg, 5
10_0.jpg, 10
10_1.jpg, 10
10_2.jpg, 10
10_3.jpg, 10
10_4.jpg, 10
10_5.jpg, 10
10_6.jpg, 10
10_7.jpg, 10
10_8.jpg, 10
10_9.jpg, 10
10_10.jpg, 10
10_11.jpg, 10
10_12.jpg, 10
10_13.jpg, 10
10_14.jpg, 10
10_15.jpg, 10
10_16.jpg, 10
10_17.jpg, 10
10_18.jpg, 10
10_19.jpg, 10
10_20.jpg, 10
10_21.jpg, 10
10_22.jpg, 10
10_23.jpg, 10
10_24.jpg, 10
10_25.jpg, 10
10_26.jpg, 10
10_27.jpg, 10
10_28.jpg, 10
10_29.jpg, 10
10_30.jpg, 10
10_31.jpg, 10
10_32.jpg, 10
10_33.jpg, 10
10_34.jpg, 10
10_35.jpg, 10
10_36.jpg, 10
10_37.jpg, 10
10_38.jpg, 10
10_39.jpg, 10
10_40.jpg, 10
10_41.jpg, 10
10_42.jpg, 10
10_43.jpg, 10
10_44.jpg, 10
10_45.jpg, 10
10_46.jpg, 10
10_47.jpg, 10
10_48.jpg, 10
10_49.jpg, 10
10_50.jpg, 10
10_51.jpg, 10
10_52.jpg, 10
10_53.jpg, 10
10_54.jpg, 10
10_55.jpg, 10
10_56.jpg, 10
10_57.jpg, 10
10_58.jpg, 10
10_59.jpg, 10
10_60.jpg, 10
10_61.jpg, 10
10_62.jpg, 10
10_63.jpg, 10
10_64.jpg, 10
10_65.jpg, 10
10_66.jpg, 10
10_67.jpg, 10
10_68.jpg, 10
10_69.jpg, 10
10_70.jpg, 10
10_71.jpg, 10
10_72.jpg, 10
10_73.jpg, 10
10_74.jpg, 10
10_75.jpg, 10
10_76.jpg, 10
10_77.jpg, 10
10_78.jpg, 10
10_79.jpg, 10
10_80.jpg, 10
10_81.jpg, 10
10_82.jpg, 10
10_83.jpg, 10
10_84.jpg, 10
10_85.jpg, 10
10_86.jpg, 10
10_87.jpg, 10
10_88.jpg, 10
10_89.jpg, 10
10_90.jpg, 10
10_91.jpg, 10
10_92.jpg, 10
10_93.jpg, 10
10_94.jpg, 10
10_95.jpg, 10
10_96.jpg, 10
10_97.jpg, 10
10_98.jpg, 10
10_99.jpg, 10
10_100.jpg, 10
10_101.jpg, 10
10_102.jpg, 10
10_103.jpg, 10
10_104.jpg, 10
10_105.jpg, 10
10_106.jpg, 10
10_107.jpg, 10
10_108.jpg, 10
10_109.jpg, 10
10_110.jpg, 10
10_111.jpg, 10
10_112.jpg, 10
10_113.jpg, 10
10_114.jpg, 10
10_115.jpg, 10
10_116.jpg, 10
10_117.jpg, 10
10_118.jpg, 10
10_119.jpg, 10
10_120.jpg, 10
10_121.jpg, 10
10_122.jpg, 10
10_123.jpg, 10
10_124.jpg, 10
10_125.jpg, 10
10_126.jpg, 10
10_127.jpg, 10
10_128.jpg, 10
10_129.jpg, 10
10_130.jpg, 10
10_131.jpg, 10
10_132.jpg, 10
10_133.jpg, 10
10_134.jpg, 10
10_135.jpg, 10
10_136.jpg, 10
10_137.jpg, 10
10_138.jpg, 10
10_139.jpg, 10
10_140.jpg, 10
10_141.jpg, 10
10_142.jpg, 10
10_143.jpg, 10
10_144.jpg, 10
10_145.jpg, 10
10_146.jpg, 10
10_147.jpg, 10
10_148.jpg, 10
10_149.jpg, 10
10_150.jpg, 10
10_151.jpg, 10
10_152.jpg, 10
10_153.jpg, 10
10_154.jpg, 10
10_155.jpg, 10
10_156.jpg, 10
10_157.jpg, 10
10_158.jpg, 10
10_159.jpg, 10
10_160.jpg, 10
10_161.jpg, 10
10_162.jpg, 10
10_163.jpg, 10
10_164.jpg, 10
10_165.jpg, 10
10_166.jpg, 10
10_167.jpg, 10
10_168.jpg, 10
10_169.jpg, 10
10_170.jpg, 10
10_171.jpg, 10
10_172.jpg, 10
10_173.jpg, 10
10_174.jpg, 10
10_175.jpg, 10
10_176.jpg, 10
10_177.jpg, 10
10_178.jpg, 10
10_179.jpg, 10
10_180.jpg, 10
10_181.jpg, 10
10_182.jpg, 10
10_183.jpg, 10
10_184.jpg, 10
10_185.jpg, 10
10_186.jpg, 10
10_187.jpg, 10
10_188.jpg, 10
10_189.jpg, 10
10_190.jpg, 10
10_191.jpg, 10
10_192.jpg, 10
10_193.jpg, 10
10_194.jpg, 10
10_195.jpg, 10
10_196.jpg, 10
10_197.jpg, 10
10_198.jpg, 10
10_199.jpg, 10
10_200.jpg, 10
10_201.jpg, 10
10_202.jpg, 10
10_203.jpg, 10
10_204.jpg, 10
10_205.jpg, 10
10_206.jpg, 10
10_207.jpg, 10
10_208.jpg, 10
10_209.jpg, 10
10_210.jpg, 10
10_211.jpg, 10
10_212.jpg, 10
20_0.jpg, 20
20_1.jpg, 20
20_2.jpg, 20
20_3.jpg, 20
20_4.jpg, 20
20_5.jpg, 20
20_6.jpg, 20
20_7.jpg, 20
20_8.jpg, 20
20_9.jpg, 20
20_10.jpg, 20
20_11.jpg, 20
20_12.jpg, 20
20_13.jpg, 20
20_14.jpg, 20
20_15.jpg, 20
20_16.jpg, 20
20_17.jpg, 20
20_18.jpg, 20
20_19.jpg, 20
20_20.jpg, 20
20_21.jpg, 20
20_22.jpg, 20
20_23.jpg, 20
20_24.jpg, 20
20_25.jpg, 20
20_26.jpg, 20
20_27.jpg, 20
20_28.jpg, 20
20_29.jpg, 20
20_30.jpg, 20
20_31.jpg, 20
20_32.jpg, 20
20_33.jpg, 20
20_34.jpg, 20
20_35.jpg, 20
20_36.jpg, 20
20_37.jpg, 20
20_38.jpg, 20
20_39.jpg, 20
20_40.jpg, 20
20_41.jpg, 20
20_42.jpg, 20
20_43.jpg, 20
20_44.jpg, 20
20_45.jpg, 20
20_46.jpg, 20
20_47.jpg, 20
20_48.jpg, 20
20_49.jpg, 20
20_50.jpg, 20
20_51.jpg, 20
20_52.jpg, 20
20_53.jpg, 20
20_54.jpg, 20
20_55.jpg, 20
20_56.jpg, 20
20_57.jpg, 20
20_58.jpg, 20
20_59.jpg, 20
20_60.jpg, 20
20_61.jpg, 20
20_62.jpg, 20
20_63.jpg, 20
20_64.jpg, 20
20_65.jpg, 20
20_66.jpg, 20
20_67.jpg, 20
20_68.jpg, 20
20_69.jpg, 20
20_70.jpg, 20
20_71.jpg, 20
20_72.jpg, 20
20_73.jpg, 20
20_74.jpg, 20
20_75.jpg, 20
20_76.jpg, 20
20_77.jpg, 20
20_78.jpg, 20
20_79.jpg, 20
20_80.jpg, 20
20_81.jpg, 20
20_82.jpg, 20
20_83.jpg, 20
20_84.jpg, 20
20_85.jpg, 20
20_86.jpg, 20
20_87.jpg, 20
20_88.jpg, 20
20_89.jpg, 20
20_90.jpg, 20
20_91.jpg, 20
20_92.jpg, 20
20_93.jpg, 20
20_94.jpg, 20
20_95.jpg, 20
20_96.jpg, 20
20_97.jpg, 20
20_98.jpg, 20
20_99.jpg, 20
20_100.jpg, 20
20_101.jpg, 20
20_102.jpg, 20
20_103.jpg, 20
20_104.jpg, 20
20_105.jpg, 20
20_106.jpg, 20
20_107.jpg, 20
20_108.jpg, 20
20_109.jpg, 20
20_110.jpg, 20
20_111.jpg, 20
20_112.jpg, 20
20_113.jpg, 20
20_114.jpg, 20
20_115.jpg, 20
20_116.jpg, 20
20_117.jpg, 20
20_118.jpg, 20
20_119.jpg, 20
20_120.jpg, 20
20_121.jpg, 20
20_122.jpg, 20
20_123.jpg, 20
20_124.jpg, 20
20_125.jpg, 20
20_126.jpg, 20
20_127.jpg, 20
20_128.jpg, 20
20_129.jpg, 20
20_130.jpg, 20
20_131.jpg, 20
20_132.jpg, 20
20_133.jpg, 20
20_134.jpg, 20
20_135.jpg, 20
20_136.jpg, 20
20_137.jpg, 20
20_138.jpg, 20
20_139.jpg, 20
20_140.jpg, 20
20_141.jpg, 20
20_142.jpg, 20
20_143.jpg, 20
20_144.jpg, 20
20_145.jpg, 20
20_146.jpg, 20
20_147.jpg, 20
20_148.jpg, 20
20_149.jpg, 20
20_150.jpg, 20
20_151.jpg, 20
20_152.jpg, 20
20_153.jpg, 20
20_154.jpg, 20
20_155.jpg, 20
20_156.jpg, 20
20_157.jpg, 20
20_158.jpg, 20
20_159.jpg, 20
20_160.jpg, 20
20_161.jpg, 20
20_162.jpg, 20
20_163.jpg, 20
20_164.jpg, 20
20_165.jpg, 20
20_166.jpg, 20
20_167.jpg, 20
20_168.jpg, 20
20_169.jpg, 20
20_170.jpg, 20
20_171.jpg, 20
20_172.jpg, 20
50_0.jpg, 50
50_1.jpg, 50
50_2.jpg, 50
50_3.jpg, 50
50_4.jpg, 50
50_5.jpg, 50
50_6.jpg, 50
50_7.jpg, 50
50_8.jpg, 50
50_9.jpg, 50
50_10.jpg, 50
50_11.jpg, 50
50_12.jpg, 50
50_13.jpg, 50
50_14.jpg, 50
50_15.jpg, 50
50_16.jpg, 50
50_17.jpg, 50
50_18.jpg, 50
50_19.jpg, 50
50_20.jpg, 50
50_21.jpg, 50
50_22.jpg, 50
50_23.jpg, 50
50_24.jpg, 50
50_25.jpg, 50
50_26.jpg, 50
50_27.jpg, 50
50_28.jpg, 50
50_29.jpg, 50
50_30.jpg, 50
50_31.jpg, 50
50_32.jpg, 50
50_33.jpg, 50
50_34.jpg, 50
50_35.jpg, 50
50_36.jpg, 50
50_37.jpg, 50
50_38.jpg, 50
50_39.jpg, 50
50_40.jpg, 50
50_41.jpg, 50
50_42.jpg, 50
50_43.jpg, 50
50_44.jpg, 50
50_45.jpg, 50
50_46.jpg, 50
50_47.jpg, 50
50_48.jpg, 50
50_49.jpg, 50
50_50.jpg, 50
50_51.jpg, 50
50_52.jpg, 50
50_53.jpg, 50
50_54.jpg, 50
50_55.jpg, 50
50_56.jpg, 50
50_57.jpg, 50
50_58.jpg, 50
50_59.jpg, 50
50_60.jpg, 50
50_61.jpg, 50
50_62.jpg, 50
50_63.jpg, 50
50_64.jpg, 50
50_65.jpg, 50
50_66.jpg, 50
50_67.jpg, 50
50_68.jpg, 50
50_69.jpg, 50
50_70.jpg, 50
50_71.jpg, 50
50_72.jpg, 50
50_73.jpg, 50
50_74.jpg, 50
50_75.jpg, 50
50_76.jpg, 50
50_77.jpg, 50
50_78.jpg, 50
50_79.jpg, 50
50_80.jpg, 50
50_81.jpg, 50
50_82.jpg, 50
50_83.jpg, 50
50_84.jpg, 50
50_85.jpg, 50
50_86.jpg, 50
50_87.jpg, 50
50_88.jpg, 50
50_89.jpg, 50
50_90.jpg, 50
50_91.jpg, 50
50_92.jpg, 50
50_93.jpg, 50
50_94.jpg, 50
50_95.jpg, 50
50_96.jpg, 50
50_97.jpg, 50
50_98.jpg, 50
50_99.jpg, 50
50_100.jpg, 50
50_101.jpg, 50
50_102.jpg, 50
50_103.jpg, 50
50_104.jpg, 50
50_105.jpg, 50
50_106.jpg, 50
50_107.jpg, 50
50_108.jpg, 50
50_109.jpg, 50
50_110.jpg, 50
50_111.jpg, 50
50_112.jpg, 50
50_113.jpg, 50
50_114.jpg, 50
50_115.jpg, 50
50_116.jpg, 50
50_117.jpg, 50
50_118.jpg, 50
50_119.jpg, 50
50_120.jpg, 50
50_121.jpg, 50
50_122.jpg, 50
50_123.jpg, 50
50_124.jpg, 50
50_125.jpg, 50
50_126.jpg, 50
50_127.jpg, 50
50_128.jpg, 50
50_129.jpg, 50
50_130.jpg, 50
50_131.jpg, 50
50_132.jpg, 50
50_133.jpg, 50
50_134.jpg, 50
50_135.jpg, 50
50_136.jpg, 50
50_137.jpg, 50
50_138.jpg, 50
50_139.jpg, 50
50_140.jpg, 50
50_141.jpg, 50
50_142.jpg, 50
50_143.jpg, 50
50_144.jpg, 50
50_145.jpg, 50
50_146.jpg, 50
50_147.jpg, 50
50_148.jpg, 50
50_149.jpg, 50
50_150.jpg, 50
50_151.jpg, 50
50_152.jpg, 50
50_153.jpg, 50
50_154.jpg, 50
50_155.jpg, 50
50_156.jpg, 50
50_157.jpg, 50
50_158.jpg, 50
50_159.jpg, 50
50_160.jpg, 50
50_161.jpg, 50
50_162.jpg, 50
50_163.jpg, 50
50_164.jpg, 50
50_165.jpg, 50
50_166.jpg, 50
50_167.jpg, 50
50_168.jpg, 50
50_169.jpg, 50
50_170.jpg, 50
50_171.jpg, 50
50_172.jpg, 50
50_173.jpg, 50
50_174.jpg, 50
50_175.jpg, 50
50_176.jpg, 50
50_177.jpg, 50
50_178.jpg, 50
50_179.jpg, 50
50_180.jpg, 50
50_181.jpg, 50
50_182.jpg, 50
50_183.jpg, 50
50_184.jpg, 50
50_185.jpg, 50
50_186.jpg, 50
50_187.jpg, 50
50_188.jpg, 50
50_189.jpg, 50
50_190.jpg, 50
50_191.jpg, 50
50_192.jpg, 50
50_193.jpg, 50
50_194.jpg, 50
50_195.jpg, 50
50_196.jpg, 50
50_197.jpg, 50
50_198.jpg, 50
50_199.jpg, 50
50_200.jpg, 50
50_201.jpg, 50
50_202.jpg, 50
50_203.jpg, 50
50_204.jpg, 50
50_205.jpg, 50
50_206.jpg, 50
50_207.jpg, 50
50_208.jpg, 50
50_209.jpg, 50
50_210.jpg, 50
50_211.jpg, 50
50_212.jpg, 50
100_0.jpg, 100
100_1.jpg, 100
100_2.jpg, 100
100_3.jpg, 100
100_4.jpg, 100
100_5.jpg, 100
100_6.jpg, 100
100_7.jpg, 100
100_8.jpg, 100
100_9.jpg, 100
100_10.jpg, 100
100_11.jpg, 100
100_12.jpg, 100
100_13.jpg, 100
100_14.jpg, 100
100_15.jpg, 100
100_16.jpg, 100
100_17.jpg, 100
100_18.jpg, 100
100_19.jpg, 100
100_20.jpg, 100
100_21.jpg, 100
100_22.jpg, 100
100_23.jpg, 100
100_24.jpg, 100
100_25.jpg, 100
100_26.jpg, 100
100_27.jpg, 100
100_28.jpg, 100
100_29.jpg, 100
100_30.jpg, 100
100_31.jpg, 100
100_32.jpg, 100
100_33.jpg, 100
100_34.jpg, 100
100_35.jpg, 100
100_36.jpg, 100
100_37.jpg, 100
100_38.jpg, 100
100_39.jpg, 100
100_40.jpg, 100
100_41.jpg, 100
100_42.jpg, 100
100_43.jpg, 100
100_44.jpg, 100
100_45.jpg, 100
100_46.jpg, 100
100_47.jpg, 100
100_48.jpg, 100
100_49.jpg, 100
100_50.jpg, 100
100_51.jpg, 100
100_52.jpg, 100
100_53.jpg, 100
100_54.jpg, 100
100_55.jpg, 100
100_56.jpg, 100
100_57.jpg, 100
100_58.jpg, 100
100_59.jpg, 100
100_60.jpg, 100
100_61.jpg, 100
100_62.jpg, 100
100_63.jpg, 100
100_64.jpg, 100
100_65.jpg, 100
100_66.jpg, 100
100_67.jpg, 100
100_68.jpg, 100
100_69.jpg, 100
100_70.jpg, 100
100_71.jpg, 100
100_72.jpg, 100
100_73.jpg, 100
100_74.jpg, 100
100_75.jpg, 100
100_76.jpg, 100
100_77.jpg, 100
100_78.jpg, 100
100_79.jpg, 100
100_80.jpg, 100
100_81.jpg, 100
100_82.jpg, 100
100_83.jpg, 100
100_84.jpg, 100
100_85.jpg, 100
100_86.jpg, 100
100_87.jpg, 100
100_88.jpg, 100
100_89.jpg, 100
100_90.jpg, 100
100_91.jpg, 100
100_92.jpg, 100
100_93.jpg, 100
100_94.jpg, 100
100_95.jpg, 100
100_96.jpg, 100
100_97.jpg, 100
100_98.jpg, 100
100_99.jpg, 100
100_100.jpg, 100
100_101.jpg, 100
100_102.jpg, 100
100_103.jpg, 100
100_104.jpg, 100
100_105.jpg, 100
100_106.jpg, 100
100_107.jpg, 100
100_108.jpg, 100
100_109.jpg, 100
100_110.jpg, 100
100_111.jpg, 100
100_112.jpg, 100
100_113.jpg, 100
100_114.jpg, 100
100_115.jpg, 100
100_116.jpg, 100
100_117.jpg, 100
100_118.jpg, 100
100_119.jpg, 100
100_120.jpg, 100
100_121.jpg, 100
100_122.jpg, 100
100_123.jpg, 100
100_124.jpg, 100
100_125.jpg, 100
100_126.jpg, 100
100_127.jpg, 100
100_128.jpg, 100
100_129.jpg, 100
100_130.jpg, 100
100_131.jpg, 100
100_132.jpg, 100
100_133.jpg, 100
100_134.jpg, 100
100_135.jpg, 100
100_136.jpg, 100
100_137.jpg, 100
100_138.jpg, 100
100_139.jpg, 100
100_140.jpg, 100
100_141.jpg, 100
100_142.jpg, 100
100_143.jpg, 100
100_144.jpg, 100
100_145.jpg, 100
100_146.jpg, 100
100_147.jpg, 100
100_148.jpg, 100
100_149.jpg, 100
100_150.jpg, 100
100_151.jpg, 100
100_152.jpg, 100
100_153.jpg, 100
100_154.jpg, 100
100_155.jpg, 100
100_156.jpg, 100
100_157.jpg, 100
100_158.jpg, 100
100_159.jpg, 100
100_160.jpg, 100
100_161.jpg, 100
100_162.jpg, 100
100_163.jpg, 100
100_164.jpg, 100
100_165.jpg, 100
100_166.jpg, 100
100_167.jpg, 100
100_168.jpg, 100
100_169.jpg, 100
100_170.jpg, 100
100_171.jpg, 100
100_172.jpg, 100
100_173.jpg, 100
100_174.jpg, 100
100_175.jpg, 100
100_176.jpg, 100
100_177.jpg, 100
100_178.jpg, 100
100_179.jpg, 100
100_180.jpg, 100
100_181.jpg, 100
100_182.jpg, 100
100_183.jpg, 100
100_184.jpg, 100
100_185.jpg, 100
100_186.jpg, 100
100_187.jpg, 100
100_188.jpg, 100
100_189.jpg, 100
100_190.jpg, 100
100_191.jpg, 100
100_192.jpg, 100
100_193.jpg, 100
100_194.jpg, 100
100_195.jpg, 100
100_196.jpg, 100
100_197.jpg, 100
100_198.jpg, 100
100_199.jpg, 100
100_200.jpg, 100
100_201.jpg, 100
100_202.jpg, 100
100_203.jpg, 100
100_204.jpg, 100
100_205.jpg, 100
100_206.jpg, 100
100_207.jpg, 100
500_0.jpg, 500
500_1.jpg, 500
500_2.jpg, 500
500_3.jpg, 500
500_4.jpg, 500
500_5.jpg, 500
500_6.jpg, 500
500_7.jpg, 500
500_8.jpg, 500
500_9.jpg, 500
500_10.jpg, 500
500_11.jpg, 500
500_12.jpg, 500
500_13.jpg, 500
500_14.jpg, 500
500_15.jpg, 500
500_16.jpg, 500
500_17.jpg, 500
500_18.jpg, 500
500_19.jpg, 500
500_20.jpg, 500
500_21.jpg, 500
500_22.jpg, 500
500_23.jpg, 500
500_24.jpg, 500
500_25.jpg, 500
500_26.jpg, 500
500_27.jpg, 500
500_28.jpg, 500
500_29.jpg, 500
500_30.jpg, 500
500_31.jpg, 500
500_32.jpg, 500
500_33.jpg, 500
500_34.jpg, 500
500_35.jpg, 500
500_36.jpg, 500
500_37.jpg, 500
500_38.jpg, 500
500_39.jpg, 500
500_40.jpg, 500
500_41.jpg, 500
500_42.jpg, 500
500_43.jpg, 500
500_44.jpg, 500
500_45.jpg, 500
500_46.jpg, 500
500_47.jpg, 500
500_48.jpg, 500
500_49.jpg, 500
500_50.jpg, 500
500_51.jpg, 500
500_52.jpg, 500
500_53.jpg, 500
500_54.jpg, 500
500_55.jpg, 500
500_56.jpg, 500
500_57.jpg, 500
500_58.jpg, 500
500_59.jpg, 500
500_60.jpg, 500
500_61.jpg, 500
500_62.jpg, 500
500_63.jpg, 500
500_64.jpg, 500
500_65.jpg, 500
500_66.jpg, 500
500_67.jpg, 500
500_68.jpg, 500
500_69.jpg, 500
500_70.jpg, 500
500_71.jpg, 500
500_72.jpg, 500
500_73.jpg, 500
500_74.jpg, 500
500_75.jpg, 500
500_76.jpg, 500
500_77.jpg, 500
500_78.jpg, 500
500_79.jpg, 500
500_80.jpg, 500
500_81.jpg, 500
500_82.jpg, 500
500_83.jpg, 500
500_84.jpg, 500
500_85.jpg, 500
500_86.jpg, 500
500_87.jpg, 500
500_88.jpg, 500
500_89.jpg, 500
500_90.jpg, 500
500_91.jpg, 500
500_92.jpg, 500
500_93.jpg, 500
500_94.jpg, 500
500_95.jpg, 500
500_96.jpg, 500
500_97.jpg, 500
500_98.jpg, 500
500_99.jpg, 500
500_100.jpg, 500
500_101.jpg, 500
500_102.jpg, 500
500_103.jpg, 500
500_104.jpg, 500
500_105.jpg, 500
500_106.jpg, 500
500_107.jpg, 500
500_108.jpg, 500
500_109.jpg, 500
500_110.jpg, 500
500_111.jpg, 500
500_112.jpg, 500
500_113.jpg, 500
500_114.jpg, 500
500_115.jpg, 500
500_116.jpg, 500
500_117.jpg, 500
500_118.jpg, 500
500_119.jpg, 500
500_120.jpg, 500
500_121.jpg, 500
500_122.jpg, 500
500_123.jpg, 500
500_124.jpg, 500
500_125.jpg, 500
500_126.jpg, 500
500_127.jpg, 500
500_128.jpg, 500
500_129.jpg, 500
500_130.jpg, 500
500_131.jpg, 500
500_132.jpg, 500
500_133.jpg, 500
500_134.jpg, 500
500_135.jpg, 500
1000_0.jpg, 1000
1000_1.jpg, 1000
1000_2.jpg, 1000
1000_3.jpg, 1000
1000_4.jpg, 1000
1000_5.jpg, 1000
1000_6.jpg, 1000
1000_7.jpg, 1000
1000_8.jpg, 1000
1000_9.jpg, 1000
1000_10.jpg, 1000
1000_11.jpg, 1000
1000_12.jpg, 1000
1000_13.jpg, 1000
1000_14.jpg, 1000
1000_15.jpg, 1000
1000_16.jpg, 1000
1000_17.jpg, 1000
1000_18.jpg, 1000
1000_19.jpg, 1000
1000_20.jpg, 1000
1000_21.jpg, 1000
1000_22.jpg, 1000
1000_23.jpg, 1000
1000_24.jpg, 1000
1000_25.jpg, 1000
1000_26.jpg, 1000
1000_27.jpg, 1000
1000_28.jpg, 1000
1000_29.jpg, 1000
1000_30.jpg, 1000
1000_31.jpg, 1000
1000_32.jpg, 1000
1000_33.jpg, 1000
1000_34.jpg, 1000
1000_35.jpg, 1000
1000_36.jpg, 1000
1000_37.jpg, 1000
1000_38.jpg, 1000
1000_39.jpg, 1000
1000_40.jpg, 1000
1000_41.jpg, 1000
1000_42.jpg, 1000
1000_43.jpg, 1000
1000_44.jpg, 1000
1000_45.jpg, 1000
1000_46.jpg, 1000
1000_47.jpg, 1000
1000_48.jpg, 1000
1000_49.jpg, 1000
1000_50.jpg, 1000
1000_51.jpg, 1000
1000_52.jpg, 1000
1000_53.jpg, 1000
1000_54.jpg, 1000
1000_55.jpg, 1000
1000_56.jpg, 1000
1000_57.jpg, 1000
1000_58.jpg, 1000
1000_59.jpg, 1000
1000_60.jpg, 1000
1000_61.jpg, 1000
1000_62.jpg, 1000
1000_63.jpg, 1000
1000_64.jpg, 1000
1000_65.jpg, 1000
1000_66.jpg, 1000
1000_67.jpg, 1000
1000_68.jpg, 1000
1000_69.jpg, 1000
1000_70.jpg, 1000
1000_71.jpg, 1000
1000_72.jpg, 1000
1000_73.jpg, 1000
1000_74.jpg, 1000
1000_75.jpg, 1000
1000_76.jpg, 1000
1000_77.jpg, 1000
1000_78.jpg, 1000
1000_79.jpg, 1000
1000_80.jpg, 1000
1000_81.jpg, 1000
1000_82.jpg, 1000
1000_83.jpg, 1000
1000_84.jpg, 1000
1000_85.jpg, 1000
1000_86.jpg, 1000
1000_87.jpg, 1000
1000_88.jpg, 1000
1000_89.jpg, 1000
1000_90.jpg, 1000
1000_91.jpg, 1000
1000_92.jpg, 1000
1000_93.jpg, 1000
1000_94.jpg, 1000
1000_95.jpg, 1000
1000_96.jpg, 1000
1000_97.jpg, 1000
1000_98.jpg, 1000
1000_99.jpg, 1000
1000_100.jpg, 1000
1000_101.jpg, 1000
1000_102.jpg, 1000
1000_103.jpg, 1000
1000_104.jpg, 1000
1000_105.jpg, 1000
1000_106.jpg, 1000
1000_107.jpg, 1000
1000_108.jpg, 1000
1000_109.jpg, 1000
1000_110.jpg, 1000
1000_111.jpg, 1000
1000_112.jpg, 1000
1000_113.jpg, 1000
1000_114.jpg, 1000
1000_115.jpg, 1000
1000_116.jpg, 1000
1000_117.jpg, 1000
1000_118.jpg, 1000
1000_119.jpg, 1000
1000_120.jpg, 1000
1000_121.jpg, 1000
1000_122.jpg, 1000
1000_123.jpg, 1000
1000_124.jpg, 1000
1000_125.jpg, 1000
1000_126.jpg, 1000
1000_127.jpg, 1000
1000_128.jpg, 1000
1000_129.jpg, 1000
1000_130.jpg, 1000
1000_131.jpg, 1000
1000_132.jpg, 1000
1000_133.jpg, 1000
1000_134.jpg, 1000
1000_135.jpg, 1000
1000_136.jpg, 1000
1000_137.jpg, 1000
1000_138.jpg, 1000
1000_139.jpg, 1000
1000_140.jpg, 1000
1000_141.jpg, 1000
1000_142.jpg, 1000
1000_143.jpg, 1000
1000_144.jpg, 1000
1000_145.jpg, 1000
1000_146.jpg, 1000
1000_147.jpg, 1000
1000_148.jpg, 1000
1000_149.jpg, 1000
1000_150.jpg, 1000
1000_151.jpg, 1000
1000_152.jpg, 1000
1000_153.jpg, 1000
1000_154.jpg, 1000
1000_155.jpg, 1000
1000_156.jpg, 1000
1000_157.jpg, 1000
1000_158.jpg, 1000
1000_159.jpg, 1000
1000_160.jpg, 1000
1000_161.jpg, 1000
1000_162.jpg, 1000
1000_163.jpg, 1000
1000_164.jpg, 1000
1000_165.jpg, 1000
1000_166.jpg, 1000
